name,country of citizenship,religion or worldview,gender,place of birth,nationality,number of children,residence,Political party,image,occupation,position held,educated at,date of birth,aliases,description,positions_held
Hassan Ahsan Malik,Indonesia,Islam,male,Probolinggo,,,Sawangan,National Awakening Party,Malik Haramain.png,politician,Member of the People's Representative Council of Indonesia,University of Indonesia,+1972-05-03T00:00:00Z,[],Ulama' Indonesia,"[{'position': ""Member of the People's Representative Council of Indonesia"", 'start_date': '+2014-10-01T00:00:00Z', 'end_date': '+2019-09-30T00:00:00Z', 'replaces': '', 'replaced_by': ''}]"
Slamet,Indonesia,Islam,male,Rembang,,,Purabaya,Prosperous Justice Party,,politician,Member of the People's Representative Council of Indonesia,Udayana University,+1971-05-19T00:00:00Z,"['Dr.H. Slamet', 'Drh. Slamet', 'Drh Slamet', 'H. Slamet', 'Drh. H. Slamet']",,"[{'position': ""Member of the People's Representative Council of Indonesia"", 'start_date': '+2019-10-01T00:00:00Z', 'end_date': '+2024-09-30T00:00:00Z', 'replaces': '', 'replaced_by': ''}]"
Suir Syam,Indonesia,Islam,male,Padang Panjang,,,West Padang Panjang,Great Indonesia Movement Party,Wali Kota Padang Panjang Suir Syam.jpg,politician,Member of the People's Representative Council of Indonesia,Universitas Gadjah Mada,+1949-12-03T00:00:00Z,"['Dr. H. Suir Syam, M.Kes, Mmr', 'Dr H Suir Syam Mkes', 'Dr. H. Suir Syam, Mkes', 'Dr. H. Suir Syam, M.Kes.', 'H. Suir Syam']",politikus Indonesia,"[{'position': ""Member of the People's Representative Council of Indonesia"", 'start_date': '+2019-10-01T00:00:00Z', 'end_date': '+2024-09-30T00:00:00Z', 'replaces': '', 'replaced_by': ''}, {'position': ""Member of the People's Representative Council of Indonesia"", 'start_date': '+2014-10-01T00:00:00Z', 'end_date': '+2019-09-30T00:00:00Z', 'replaces': '', 'replaced_by': ''}]"
I Wayan Koster,Indonesia,Hinduism,male,Singaraja,,,South Meruya,Indonesian Democratic Party – Struggle,"I Wayan Kostoer, Gubernur Bali.jpg",politician,Member of the People's Representative Council of Indonesia,Bandung Institute of Technology,+1962-10-20T00:00:00Z,"['Wayan Koster', 'Koster', 'Gubernur Koster']","gubernur Provinsi Bali, Indonesia","[{'position': ""Member of the People's Representative Council of Indonesia"", 'start_date': '+2004-10-01T00:00:00Z', 'end_date': '+2009-09-30T00:00:00Z', 'replaces': '', 'replaced_by': ''}, {'position': ""Member of the People's Representative Council of Indonesia"", 'start_date': '+2014-10-01T00:00:00Z', 'end_date': '+2018-02-26T00:00:00Z', 'replaces': '', 'replaced_by': ''}, {'position': ""Member of Indonesia's Regional Representative Council"", 'start_date': '+2009-10-01T00:00:00Z', 'end_date': '+2014-09-30T00:00:00Z', 'replaces': '', 'replaced_by': ''}, {'position': 'Governor of Bali', 'start_date': '+2018-09-05T00:00:00Z', 'end_date': '+2023-09-05T00:00:00Z', 'replaces': 'I Made Mangku Pastika', 'replaced_by': ''}]"
Adang Sudrajat,Indonesia,Islam,male,Ciamis,,,Buahbatu,Prosperous Justice Party,Adang Sudrajat.jpg,politician,Member of the People's Representative Council of Indonesia,Padjadjaran University,+1962-10-23T00:00:00Z,"['Dr. H. Adang Sudrajat, M.M., Av.', 'H. Adang Sudrajat, Dr. , Mm. Av.', 'H Adang Sudrajat DrMm Av', 'H. Adang Sudrajat, Dr., Mm.Av.', 'Dr. H. Adang Sudrajat, Mm', 'H. Adang Sudrajat', 'Dr.H.Adang Sudrajat MM., Av']",politisi Indonesia,"[{'position': ""Member of the People's Representative Council of Indonesia"", 'start_date': '+2019-10-01T00:00:00Z', 'end_date': '+2021-07-04T00:00:00Z', 'replaces': '', 'replaced_by': 'Diah Nurwitasari'}, {'position': ""Member of the People's Representative Council of Indonesia"", 'start_date': '+2014-10-01T00:00:00Z', 'end_date': '+2019-09-30T00:00:00Z', 'replaces': '', 'replaced_by': ''}]"
De-Anne Kelly,Australia,,female,Rockhampton,,,,National Party of Australia,De-Anne Kelly 2006.jpg,politician,Minister for Veterans' Affairs,University of Queensland,+1954-03-21T00:00:00Z,['De-Anne Margaret Kelly'],Australian politician,"[{'position': ""Minister for Veterans' Affairs"", 'start_date': '+2004-10-26T00:00:00Z', 'end_date': '+2006-01-27T00:00:00Z', 'replaces': 'Danna Vale', 'replaced_by': 'Bruce Billson'}, {'position': 'member of the Australian House of Representatives', 'start_date': '+1996-03-02T00:00:00Z', 'end_date': '+2007-11-24T00:00:00Z', 'replaces': 'Ray Braithwaite', 'replaced_by': 'James Bidgood'}]"
Clarrie Millar,Australia,,male,Adelaide,,,,National Party of Australia,,politician,member of the Australian House of Representatives,,+1925-06-15T00:00:00Z,['Percival Clarence Millar'],Australian politician,"[{'position': 'member of the Australian House of Representatives', 'start_date': '+1974-05-18T00:00:00Z', 'end_date': '+1990-02-19T00:00:00Z', 'replaces': 'Brendan Hansen', 'replaced_by': 'Warren Truss'}]"
John Alexander,Australia,,male,Sydney,,,,Liberal Party of Australia,John Alexander.jpg,tennis player,member of the Australian House of Representatives,,+1951-07-04T00:00:00Z,['John Gilbert Alexander'],Australian tennis player and politician,"[{'position': 'member of the Australian House of Representatives', 'start_date': '+2010-08-21T00:00:00Z', 'end_date': '+2017-11-11T00:00:00Z', 'replaces': 'Maxine McKew', 'replaced_by': ''}, {'position': 'member of the Australian House of Representatives', 'start_date': '+2017-12-16T00:00:00Z', 'end_date': '+2022-04-11T00:00:00Z', 'replaces': '', 'replaced_by': 'Jerome Laxale'}]"
Michael Ronaldson,Australia,,male,Ballarat,,,,Liberal Party of Australia,Michael Ronaldson.jpg,politician,Minister for Veterans' Affairs,Melbourne Law School,+1954-02-13T00:00:00Z,['Michael John Clyde Ronaldson'],Australian politician,"[{'position': ""Minister for Veterans' Affairs"", 'start_date': '+2013-09-18T00:00:00Z', 'end_date': '+2015-09-21T00:00:00Z', 'replaces': '', 'replaced_by': ''}, {'position': 'Special Minister of State', 'start_date': '+2013-09-18T00:00:00Z', 'end_date': '+2015-09-21T00:00:00Z', 'replaces': '', 'replaced_by': ''}, {'position': 'member of the Australian Senate', 'start_date': '+2005-07-01T00:00:00Z', 'end_date': '+2016-02-28T00:00:00Z', 'replaces': '', 'replaced_by': 'James Paterson'}, {'position': 'member of the Australian House of Representatives', 'start_date': '+1990-03-24T00:00:00Z', 'end_date': '+2001-10-08T00:00:00Z', 'replaces': 'John Mildren', 'replaced_by': 'Catherine King'}]"
Peter Andren,Australia,,male,Gulargambone,,,,,,politician,member of the Australian House of Representatives,Macquarie University,+1946-08-28T00:00:00Z,['Peter James Andren'],Australian politician (1946-2007),"[{'position': 'member of the Australian House of Representatives', 'start_date': '+1996-03-02T00:00:00Z', 'end_date': '+2007-10-17T00:00:00Z', 'replaces': 'David Simmons', 'replaced_by': 'John Cobb'}]"
David Simmons,Australia,,male,Broken Hill,,,,Australian Labor Party,,politician,member of the Australian House of Representatives,University of New England,+1947-01-07T00:00:00Z,['David William Simmons'],Australian politician,"[{'position': 'member of the Australian House of Representatives', 'start_date': '+1983-03-05T00:00:00Z', 'end_date': '+1996-01-29T00:00:00Z', 'replaces': 'Sandy Mackenzie', 'replaced_by': 'Peter Andren'}]"
Warwick Smith,Australia,,male,Launceston,,,,Liberal Party of Australia,,politician,member of the Australian House of Representatives,Australian National University,+1954-05-13T00:00:00Z,['Warwick Leslie Smith'],Australian politician,"[{'position': 'member of the Australian House of Representatives', 'start_date': '+1984-12-01T00:00:00Z', 'end_date': '+1993-03-13T00:00:00Z', 'replaces': 'Kevin Newman', 'replaced_by': 'Silvia Smith'}, {'position': 'member of the Australian House of Representatives', 'start_date': '+1996-03-02T00:00:00Z', 'end_date': '+1998-10-03T00:00:00Z', 'replaces': 'Silvia Smith', 'replaced_by': ""Michelle O'Byrne""}]"
Alasdair Webster,Australia,,male,East Maitland,,,,Liberal Party of Australia,,politician,member of the Australian House of Representatives,University of New England,+1934-02-12T00:00:00Z,['Alasdair Paine Webster'],Australian politician,"[{'position': 'member of the Australian House of Representatives', 'start_date': '+1984-12-01T00:00:00Z', 'end_date': '+1993-03-13T00:00:00Z', 'replaces': 'Ross Free', 'replaced_by': 'Maggie Deahm'}, {'position': 'Delegate to the Australian Constitutional Convention, 1998', 'start_date': '+1998-02-02T00:00:00Z', 'end_date': '+1998-02-13T00:00:00Z', 'replaces': '', 'replaced_by': ''}]"
Jim Turnour,Australia,,male,,,,,Australian Labor Party,,politician,member of the Australian House of Representatives,University of Queensland,+1966-04-07T00:00:00Z,['James Pearce Turnour'],Australian politician,"[{'position': 'member of the Australian House of Representatives', 'start_date': '+2007-11-24T00:00:00Z', 'end_date': '+2010-08-21T00:00:00Z', 'replaces': 'Warren Entsch', 'replaced_by': 'Warren Entsch'}]"
Kym Richardson,Australia,,male,Adelaide,,,,Liberal Party of Australia,,Australian rules football player,member of the Australian House of Representatives,,+1958-03-16T00:00:00Z,['Kym Charles Richardson'],Australian politician,"[{'position': 'member of the Australian House of Representatives', 'start_date': '+2004-10-09T00:00:00Z', 'end_date': '+2007-11-24T00:00:00Z', 'replaces': 'David Cox', 'replaced_by': 'Amanda Rishworth'}]"
Margaret May,Australia,,female,Ba,,,,Liberal Party of Australia,,politician,member of the Australian House of Representatives,,+1950-06-30T00:00:00Z,['Margaret Ann May'],Australian politician,"[{'position': 'member of the Australian House of Representatives', 'start_date': '+1998-10-03T00:00:00Z', 'end_date': '+2010-07-19T00:00:00Z', 'replaces': 'John Bradford', 'replaced_by': 'Karen Andrews'}]"
Alby Schultz,Australia,,male,Melbourne,,,Goulburn,Liberal Party of Australia,,politician,member of the Australian House of Representatives,,+1945-05-29T00:00:00Z,"['Albert John Schultz', 'Albert Schultz (Australian politician)']",Australian politician,"[{'position': 'member of the Australian House of Representatives', 'start_date': '+1998-10-03T00:00:00Z', 'end_date': '+2013-08-05T00:00:00Z', 'replaces': 'John Sharp', 'replaced_by': 'Angus Taylor'}, {'position': 'Member of the New South Wales Legislative Assembly', 'start_date': '+1988-03-19T00:00:00Z', 'end_date': '+1998-08-31T00:00:00Z', 'replaces': 'Terry Sheahan', 'replaced_by': 'Katrina Hodgkinson'}]"
Tanya Plibersek,Australia,,female,Sydney,,,,Australian Labor Party,Tanya Plibersek 2013 (cropped).jpg,politician,Minister for Health,University of Technology Sydney,+1969-12-02T00:00:00Z,['Tanya Joan Plibersek'],Australian politician,"[{'position': 'Minister for Health', 'start_date': '+2011-12-14T00:00:00Z', 'end_date': '+2013-09-18T00:00:00Z', 'replaces': 'Nicola Roxon', 'replaced_by': 'Peter Dutton'}, {'position': 'Minister for Human Services', 'start_date': '+2010-09-14T00:00:00Z', 'end_date': '+2011-12-14T00:00:00Z', 'replaces': 'Chris Bowen', 'replaced_by': ''}, {'position': 'member of the Australian House of Representatives', 'start_date': '+1998-10-03T00:00:00Z', 'end_date': '', 'replaces': 'Peter Baldwin', 'replaced_by': ''}, {'position': 'Minister for Social Inclusion', 'start_date': '+2010-09-14T00:00:00Z', 'end_date': '+2011-12-14T00:00:00Z', 'replaces': 'Simon Crean', 'replaced_by': 'Mark Butler'}, {'position': 'Minister for Social Services', 'start_date': '+2007-12-03T00:00:00Z', 'end_date': '+2010-09-14T00:00:00Z', 'replaces': 'Brian Howe', 'replaced_by': 'Mark Arbib'}, {'position': 'Minister for the Environment', 'start_date': '+2022-05-23T00:00:00Z', 'end_date': '', 'replaces': 'Sussan Ley', 'replaced_by': ''}]"
Peter Costello,Australia,,male,Melbourne,,,Camberwell,Liberal Party of Australia,Costello1.jpg,economist,member of the Australian House of Representatives,Monash University Faculty of Law,+1957-08-14T00:00:00Z,['Peter Howard Costello'],Australian politician,"[{'position': 'member of the Australian House of Representatives', 'start_date': '+1990-03-24T00:00:00Z', 'end_date': '+2009-10-19T00:00:00Z', 'replaces': 'Roger Shipton', 'replaced_by': ""Kelly O'Dwyer""}, {'position': 'Treasurer of Australia', 'start_date': '+1996-03-11T00:00:00Z', 'end_date': '+2007-12-03T00:00:00Z', 'replaces': 'Ralph Willis', 'replaced_by': 'Wayne Swan'}, {'position': 'Delegate to the Australian Constitutional Convention, 1998', 'start_date': '+1998-02-02T00:00:00Z', 'end_date': '+1998-02-13T00:00:00Z', 'replaces': '', 'replaced_by': ''}]"
Bob Chynoweth,Australia,,male,Richmond,,,,Australian Labor Party,,politician,member of the Australian House of Representatives,,+1941-06-07T00:00:00Z,"['Robert Leslie Chynoweth', 'Robert Chynoweth']",Australian politician,"[{'position': 'member of the Australian House of Representatives', 'start_date': '+1983-03-05T00:00:00Z', 'end_date': '+1984-12-01T00:00:00Z', 'replaces': 'Peter Reith', 'replaced_by': 'Peter Reith'}, {'position': 'member of the Australian House of Representatives', 'start_date': '+1984-12-01T00:00:00Z', 'end_date': '+1990-03-24T00:00:00Z', 'replaces': '', 'replaced_by': 'Frank Ford'}, {'position': 'member of the Australian House of Representatives', 'start_date': '+1993-03-13T00:00:00Z', 'end_date': '+1996-03-02T00:00:00Z', 'replaces': 'Frank Ford', 'replaced_by': 'Bruce Billson'}]"
Fred Chaney,Australia,,male,Perth,,,,Liberal Party of Australia,Recognise Campaign Fred Chaney Presser.jpg,politician,member of the Australian Senate,Aquinas College,+1941-10-28T00:00:00Z,['Frederick Michael Chaney'],Australian politician,"[{'position': 'member of the Australian Senate', 'start_date': '+1973-07-01T00:00:00Z', 'end_date': '+1990-02-27T00:00:00Z', 'replaces': '', 'replaced_by': 'Ian Campbell'}, {'position': 'member of the Australian House of Representatives', 'start_date': '+1990-03-24T00:00:00Z', 'end_date': '+1993-02-08T00:00:00Z', 'replaces': '', 'replaced_by': 'Judi Moylan'}]"
Bob Horne,Australia,,male,Newcastle,,,,Australian Labor Party,,politician,member of the Australian House of Representatives,,+1939-12-18T00:00:00Z,['Robert Hodges Horne'],Australian politician,"[{'position': 'member of the Australian House of Representatives', 'start_date': '+1993-03-13T00:00:00Z', 'end_date': '+1996-03-02T00:00:00Z', 'replaces': '', 'replaced_by': 'Bob Baldwin'}, {'position': 'member of the Australian House of Representatives', 'start_date': '+1998-10-03T00:00:00Z', 'end_date': '+2001-11-10T00:00:00Z', 'replaces': 'Bob Baldwin', 'replaced_by': 'Bob Baldwin'}]"
Ian Robinson,Australia,,male,Coraki,,,,National Party of Australia,Ian Robinson 1970.jpg,politician,member of the Australian House of Representatives,,+1925-03-27T00:00:00Z,['Ian Louis Robinson'],Australian politician (1925-2017),"[{'position': 'member of the Australian House of Representatives', 'start_date': '+1963-11-30T00:00:00Z', 'end_date': '+1984-12-01T00:00:00Z', 'replaces': 'Frank McGuren', 'replaced_by': 'Garry Nehl'}, {'position': 'Member of the New South Wales Legislative Assembly', 'start_date': '+1953-02-14T00:00:00Z', 'end_date': '+1963-10-22T00:00:00Z', 'replaces': 'John Reid', 'replaced_by': 'Richmond Manyweathers'}, {'position': 'member of the Australian House of Representatives', 'start_date': '+1984-12-01T00:00:00Z', 'end_date': '+1990-03-24T00:00:00Z', 'replaces': '', 'replaced_by': 'Harry Woods'}]"
Wal Fife,Australia,,male,Wagga Wagga,,,,Liberal Party of Australia (New South Wales Division),Wallace Fife.jpg,politician,member of the Australian House of Representatives,Canberra Grammar School,+1929-10-02T00:00:00Z,['Wallace Clyde Fife'],Australian politician (1929-2017),"[{'position': 'member of the Australian House of Representatives', 'start_date': '+1975-12-13T00:00:00Z', 'end_date': '+1984-12-01T00:00:00Z', 'replaces': 'David Fairbairn', 'replaced_by': 'Tim Fischer'}, {'position': 'Member of the New South Wales Legislative Assembly', 'start_date': '+1957-12-14T00:00:00Z', 'end_date': '+1975-10-15T00:00:00Z', 'replaces': 'Eddie Graham', 'replaced_by': 'Joe Schipp'}, {'position': 'member of the Australian House of Representatives', 'start_date': '+1984-12-01T00:00:00Z', 'end_date': '+1993-02-08T00:00:00Z', 'replaces': 'Stephen Lusher', 'replaced_by': 'John Sharp'}]"
Andrew Wallace,Australia,,male,Melbourne,,,,Liberal National Party of Queensland,Andrew Wallace.png,barrister,member of the Australian House of Representatives,Queensland University of Technology,+1968-04-23T00:00:00Z,['Andrew Bruce Wallace'],Australian politician (1968-),"[{'position': 'member of the Australian House of Representatives', 'start_date': '+2016-07-02T00:00:00Z', 'end_date': '', 'replaces': 'Mal Brough', 'replaced_by': ''}, {'position': 'Speaker of the House of Representatives', 'start_date': '+2021-11-23T00:00:00Z', 'end_date': '+2022-04-11T00:00:00Z', 'replaces': 'Tony Smith', 'replaced_by': 'Milton Dick'}]"
王树芬,People's Republic of China,,female,,,,,Chinese Communist Party,,politician,National People's Congress deputy,,+1962-00-00T00:00:00Z,[],,"[{'position': ""National People's Congress deputy"", 'start_date': '', 'end_date': '', 'replaces': '', 'replaced_by': ''}]"
刘蓉华,People's Republic of China,,female,,,,,China Democratic National Construction Association,,politician,National People's Congress deputy,,+1959-01-01T00:00:00Z,[],中华人民共和国政治人物,"[{'position': ""National People's Congress deputy"", 'start_date': '', 'end_date': '', 'replaces': '', 'replaced_by': ''}]"
米合伦沙·阿不都,People's Republic of China,,female,,,,,Chinese Communist Party,,politician,National People's Congress deputy,Xinjiang Agricultural University,+1985-00-00T00:00:00Z,[],,"[{'position': ""National People's Congress deputy"", 'start_date': '', 'end_date': '', 'replaces': '', 'replaced_by': ''}]"
苏力坦·加依纳克,People's Republic of China,,,,,,,Chinese Communist Party,,politician,National People's Congress deputy,,+1979-00-00T00:00:00Z,[],,"[{'position': ""National People's Congress deputy"", 'start_date': '', 'end_date': '', 'replaces': '', 'replaced_by': ''}]"
江香梅,People's Republic of China,,,,,,,,,politician,National People's Congress deputy,,+1962-01-01T00:00:00Z,[],,"[{'position': ""National People's Congress deputy"", 'start_date': '', 'end_date': '', 'replaces': '', 'replaced_by': ''}]"
韦丽萍,People's Republic of China,,female,,,,,China Democratic League,,politician,National People's Congress deputy,Guangxi Arts University,+1968-01-01T00:00:00Z,[],,"[{'position': ""National People's Congress deputy"", 'start_date': '', 'end_date': '', 'replaces': '', 'replaced_by': ''}]"
杨剑波,People's Republic of China,,male,,,,,,,politician,National People's Congress deputy,,+1957-01-01T00:00:00Z,[],,"[{'position': ""National People's Congress deputy"", 'start_date': '', 'end_date': '', 'replaces': '', 'replaced_by': ''}]"
何建洋,People's Republic of China,,,,,,,China Democratic League,,politician,National People's Congress deputy,Jiangxi Normal University,+1959-01-01T00:00:00Z,[],中华人民共和国政治人物,"[{'position': ""National People's Congress deputy"", 'start_date': '', 'end_date': '', 'replaces': '', 'replaced_by': ''}]"
袁玉珠,People's Republic of China,,,,,,,,,politician,National People's Congress deputy,Taiyuan University of Technology,+1953-00-00T00:00:00Z,[],,"[{'position': ""National People's Congress deputy"", 'start_date': '', 'end_date': '', 'replaces': '', 'replaced_by': ''}]"
秦生祥,People's Republic of China,,male,Jianli,,,,Chinese Communist Party,,politician,National People's Congress deputy,Central Party School of the Chinese Communist Party,+1957-01-01T00:00:00Z,[],中国人民解放军海军政委、19届中央委员,"[{'position': ""National People's Congress deputy"", 'start_date': '', 'end_date': '', 'replaces': '', 'replaced_by': ''}]"
项晓云,People's Republic of China,,female,,,,,Chinese Communist Party,,politician,National People's Congress deputy,,+1964-01-01T00:00:00Z,[],,"[{'position': ""National People's Congress deputy"", 'start_date': '', 'end_date': '', 'replaces': '', 'replaced_by': ''}]"
龙飞凤,People's Republic of China,,female,,,,,Chinese Communist Party,,politician,National People's Congress deputy,,+1977-01-01T00:00:00Z,[],,"[{'position': ""National People's Congress deputy"", 'start_date': '', 'end_date': '', 'replaces': '', 'replaced_by': ''}]"
魏岚,People's Republic of China,,female,,,,,Chinese Communist Party,,politician,National People's Congress deputy,Xiamen University,+1968-01-01T00:00:00Z,[],,"[{'position': ""National People's Congress deputy"", 'start_date': '', 'end_date': '', 'replaces': '', 'replaced_by': ''}]"
李同道,People's Republic of China,,male,,,,,Chinese Communist Party,,politician,National People's Congress deputy,,+1964-01-01T00:00:00Z,[],,"[{'position': ""National People's Congress deputy"", 'start_date': '', 'end_date': '', 'replaces': '', 'replaced_by': ''}]"
赵国红,People's Republic of China,,female,Zibo,,,,Chinese Communist Party,,politician,National People's Congress deputy,,+1954-01-01T00:00:00Z,[],中华人民共和国政治人物,"[{'position': ""National People's Congress deputy"", 'start_date': '', 'end_date': '', 'replaces': '', 'replaced_by': ''}]"
朱国平,People's Republic of China,,male,,,,,,,politician,National People's Congress deputy,Nanjing University of Science and Technology,+1960-01-01T00:00:00Z,[],,"[{'position': ""National People's Congress deputy"", 'start_date': '', 'end_date': '', 'replaces': '', 'replaced_by': ''}]"
Masagos Zulkifli,Singapore,Islam,male,Colony of Singapore,,,,People's Action Party,"Masagos Zulkifli at The Pentagon, USA - 20061017.jpg",politician,Member of the Parliament of Singapore,USC Marshall School of Business,+1963-04-16T00:00:00Z,['Masagos Zulkifli bin Masagos Mohamad'],Singaporean politician,"[{'position': 'Member of the Parliament of Singapore', 'start_date': '', 'end_date': '', 'replaces': '', 'replaced_by': ''}, {'position': 'Member of the Parliament of Singapore', 'start_date': '', 'end_date': '', 'replaces': '', 'replaced_by': ''}, {'position': 'Member of the Parliament of Singapore', 'start_date': '', 'end_date': '', 'replaces': '', 'replaced_by': ''}, {'position': 'Member of the Parliament of Singapore', 'start_date': '', 'end_date': '', 'replaces': '', 'replaced_by': ''}, {'position': ""Minister in the Prime Minister's Office"", 'start_date': '+2015-04-09T00:00:00Z', 'end_date': '+2015-09-30T00:00:00Z', 'replaces': 'Lim Swee Say', 'replaced_by': 'Chan Chun Sing'}, {'position': 'Minister for Sustainability and the Environment', 'start_date': '+2015-10-01T00:00:00Z', 'end_date': '+2020-07-26T00:00:00Z', 'replaces': 'Vivian Balakrishnan', 'replaced_by': 'Grace Fu'}, {'position': 'Minister-in-charge of Muslim Affairs', 'start_date': '+2018-05-01T00:00:00Z', 'end_date': '', 'replaces': 'Yaacob Ibrahim', 'replaced_by': ''}, {'position': 'Minister for Social and Family Development', 'start_date': '+2020-07-27T00:00:00Z', 'end_date': '', 'replaces': 'Desmond Lee', 'replaced_by': ''}]"
Hri Kumar Nair,Singapore,Hinduism,male,Singapore,,,,People's Action Party,,politician,Member of the Parliament of Singapore,National University of Singapore,+1966-06-16T00:00:00Z,[],Singaporean politician and lawyer,"[{'position': 'Member of the Parliament of Singapore', 'start_date': '', 'end_date': '', 'replaces': '', 'replaced_by': ''}, {'position': 'Member of the Parliament of Singapore', 'start_date': '', 'end_date': '', 'replaces': '', 'replaced_by': ''}, {'position': 'Member of the Parliament of Singapore', 'start_date': '', 'end_date': '', 'replaces': '', 'replaced_by': ''}]"
S. Rajaratnam,Singapore,Hinduism,male,Sri Lanka,,,,People's Action Party,,journalist,"Minister for Culture, Community and Youth",King's College London,+1915-02-25T00:00:00Z,['Sinnathamby Rajaratnam'],Singaporean politician (1915–2006),"[{'position': 'Minister for Culture, Community and Youth', 'start_date': '+1959-06-05T00:00:00Z', 'end_date': '+1965-08-12T00:00:00Z', 'replaces': '', 'replaced_by': 'Othman Wok'}, {'position': 'Senior Minister', 'start_date': '+1985-01-02T00:00:00Z', 'end_date': '+1988-09-03T00:00:00Z', 'replaces': '', 'replaced_by': ''}, {'position': 'Deputy Prime Minister of Singapore', 'start_date': '+1980-06-01T00:00:00Z', 'end_date': '+1985-01-01T00:00:00Z', 'replaces': 'Goh Keng Swee', 'replaced_by': 'Ong Teng Cheong'}, {'position': 'Minister for Manpower', 'start_date': '+1968-04-16T00:00:00Z', 'end_date': '+1971-07-04T00:00:00Z', 'replaces': 'Jek Yeun Thong', 'replaced_by': 'Ong Pang Boon'}, {'position': 'Minister for Foreign Affairs', 'start_date': '+1965-08-09T00:00:00Z', 'end_date': '+1980-06-01T00:00:00Z', 'replaces': '', 'replaced_by': 'S. Dhanabalan'}, {'position': 'Member of the Dewan Rakyat', 'start_date': '+1963-11-02T00:00:00Z', 'end_date': '+1965-08-09T00:00:00Z', 'replaces': '', 'replaced_by': ''}, {'position': 'Member of the Parliament of Singapore', 'start_date': '+1959-05-30T00:00:00Z', 'end_date': '+1988-08-17T00:00:00Z', 'replaces': '', 'replaced_by': ''}]"
Ang Hin Kee,Singapore,,male,Singapore,,,,People's Action Party,,politician,Member of the Parliament of Singapore,National University of Singapore,+1965-10-22T00:00:00Z,[],Singaporean politician,"[{'position': 'Member of the Parliament of Singapore', 'start_date': '', 'end_date': '', 'replaces': '', 'replaced_by': ''}, {'position': 'Member of the Parliament of Singapore', 'start_date': '', 'end_date': '', 'replaces': '', 'replaced_by': ''}]"
Alvin Yeo,Singapore,,male,Singapore,,,,People's Action Party,,politician,Member of the Parliament of Singapore,Anglo-Chinese School,+1962-03-28T00:00:00Z,['Alvin Yeo Khirn Hai'],Singaporean lawyer and former politician,"[{'position': 'Member of the Parliament of Singapore', 'start_date': '+2011-05-07T00:00:00Z', 'end_date': '+2015-08-25T00:00:00Z', 'replaces': '', 'replaced_by': ''}, {'position': 'Member of the Parliament of Singapore', 'start_date': '+2006-04-27T00:00:00Z', 'end_date': '+2011-04-18T00:00:00Z', 'replaces': '', 'replaced_by': ''}]"
Vikram Nair,Singapore,,male,Singapore,,,,People's Action Party,Vikram Nair.jpg,politician,Member of the Parliament of Singapore,Trinity College,+1978-07-18T00:00:00Z,[],Singaporean politician,"[{'position': 'Member of the Parliament of Singapore', 'start_date': '', 'end_date': '', 'replaces': '', 'replaced_by': ''}, {'position': 'Member of the Parliament of Singapore', 'start_date': '', 'end_date': '', 'replaces': '', 'replaced_by': ''}, {'position': 'Member of the Parliament of Singapore', 'start_date': '', 'end_date': '', 'replaces': '', 'replaced_by': ''}]"
Sin Boon Ann,Singapore,,male,Singapore,,,,People's Action Party,,politician,Member of the Parliament of Singapore,National University of Singapore,+1958-03-19T00:00:00Z,[],Member of Parliament,"[{'position': 'Member of the Parliament of Singapore', 'start_date': '', 'end_date': '', 'replaces': '', 'replaced_by': ''}, {'position': 'Member of the Parliament of Singapore', 'start_date': '', 'end_date': '', 'replaces': '', 'replaced_by': ''}]"
Michael Palmer,Singapore,,male,Singapore,,,,People's Action Party,Michael Palmer 2012.jpg,lawyer,Speaker of the Parliament of Singapore,University College London,+1968-07-14T00:00:00Z,['Michael Anthony Palmer'],former Singaporean politician,"[{'position': 'Speaker of the Parliament of Singapore', 'start_date': '+2011-10-12T00:00:00Z', 'end_date': '+2012-12-12T00:00:00Z', 'replaces': 'Abdullah Tarmugi', 'replaced_by': 'Halimah Yacob'}, {'position': 'Member of the Parliament of Singapore', 'start_date': '+2006-05-06T00:00:00Z', 'end_date': '+2011-04-18T00:00:00Z', 'replaces': 'Charles Chong', 'replaced_by': ''}, {'position': 'Member of the Parliament of Singapore', 'start_date': '+2011-05-07T00:00:00Z', 'end_date': '+2012-12-12T00:00:00Z', 'replaces': '', 'replaced_by': 'Lee Li Lian'}]"
P. Kamalanathan,Malaysia,Hinduism,male,Kuala Lumpur,,,,Malaysian Indian Congress,Calon Barisan Nasional.jpg,politician,Member of the Dewan Rakyat,,+1965-10-18T00:00:00Z,['Kamalanathan Panchanathan'],Malaysian politician,"[{'position': 'Member of the Dewan Rakyat', 'start_date': '', 'end_date': '', 'replaces': '', 'replaced_by': ''}]"
Syed Hashim Syed Ajam,,,male,,,,,United Malays National Organisation,,politician,,,,[],politician,[]
Koh Tsu Koon,Malaysia,,male,Penang,,,,Parti Gerakan Rakyat Malaysia,Koh Tsu Koon.jpg,politician,Chief Minister of Penang,Princeton University,+1949-08-26T00:00:00Z,[],former Chief Minister of Penang,"[{'position': 'Chief Minister of Penang', 'start_date': '', 'end_date': '', 'replaces': '', 'replaced_by': ''}]"
Rafidah Aziz,,Islam,female,Kuala Kangsar,,,,United Malays National Organisation,Rafidah Aziz 14 March 2002-3 (cropped).jpg,politician,Member of the Dewan Rakyat,University of Malaya,+1943-11-04T00:00:00Z,"[""Dato' Seri Paduka Rafidah Aziz"", 'Rafidah binti Aziz']",Malaysian politician,"[{'position': 'Member of the Dewan Rakyat', 'start_date': '', 'end_date': '', 'replaces': '', 'replaced_by': ''}]"
Shabudin Yahaya,Malaysia,Islam,male,Penang,,,,United Malays National Organisation,,politician,Member of the Dewan Rakyat,,+1965-11-12T00:00:00Z,['Shabudin bin Yahaya'],Malaysian politician,"[{'position': 'Member of the Dewan Rakyat', 'start_date': '', 'end_date': '', 'replaces': '', 'replaced_by': ''}]"
Hassan Malek,Malaysia,Islam,male,Negeri Sembilan,,,,United Malays National Organisation,,politician,Member of the Dewan Rakyat,,+1946-04-24T00:00:00Z,['Hasan bin Malek'],Malaysian politician,"[{'position': 'Member of the Dewan Rakyat', 'start_date': '', 'end_date': '', 'replaces': '', 'replaced_by': ''}, {'position': 'Minister of Domestic Trade and Living Costs', 'start_date': '+2013-00-00T00:00:00Z', 'end_date': '+2015-00-00T00:00:00Z', 'replaces': '', 'replaced_by': ''}]"
Mohd Effendi Norwawi,Malaysia,Islam,male,Singapore,,,,Parti Pesaka Bumiputera Bersatu,,politician,Member of the Dewan Rakyat,,+1948-02-01T00:00:00Z,['Effendi Norwawi'],"Chairman, Bloomberg TV Malaysia","[{'position': 'Member of the Dewan Rakyat', 'start_date': '', 'end_date': '', 'replaces': '', 'replaced_by': ''}]"
Ismail Idris,,,,,,,,United Malays National Organisation,,politician,,,+1920-01-01T00:00:00Z,[],politician,[]
Yong Woo Ming,,,,,,,,Malaysian Chinese Association,,politician,,,,[],politician,[]
हरिओम सिंह राठौड़,India,,male,Rajsamand,,,,Bharatiya Janata Party,,politician,Member of the 16th Lok Sabha,Bhupal Noble's College,+1957-08-09T00:00:00Z,[],,"[{'position': 'Member of the 16th Lok Sabha', 'start_date': '', 'end_date': '', 'replaces': '', 'replaced_by': ''}]"
रवनीत सिंह बिट्टू,India,,male,Kotli,,,,Indian National Congress,Ravneet Singh Bittu2.jpg,politician,Member of the 16th Lok Sabha,,+1975-09-10T00:00:00Z,[],भारतीय राजनीतिज्ञ,"[{'position': 'Member of the 16th Lok Sabha', 'start_date': '', 'end_date': '', 'replaces': '', 'replaced_by': ''}, {'position': 'list of members of the 15th Lok Sabha', 'start_date': '', 'end_date': '', 'replaces': '', 'replaced_by': ''}, {'position': 'Member of the 17th Lok Sabha', 'start_date': '', 'end_date': '', 'replaces': '', 'replaced_by': ''}]"
भैरों प्रसाद मिश्र,India,,male,Chitrakoot district,,,,Bharatiya Janata Party,,politician,Member of the 16th Lok Sabha,,+1958-09-07T00:00:00Z,[],भारतीय राजनीतिज्ञ,"[{'position': 'Member of the 16th Lok Sabha', 'start_date': '', 'end_date': '', 'replaces': '', 'replaced_by': ''}]"
सुदीप बंदोपाध्याय,India,,male,Berhampore,,,Bowbazar,All India Trinamool Congress West Bengal,Shri Sudip Bandyopadhyay official portrait.jpg,politician,Member of the 12th Lok Sabha,Krishnath College,+1952-12-10T00:00:00Z,[],भारतीय राजनीतिज्ञ,"[{'position': 'Member of the 12th Lok Sabha', 'start_date': '+1998-00-00T00:00:00Z', 'end_date': '+1999-00-00T00:00:00Z', 'replaces': 'Debi Prasad Pal', 'replaced_by': 'Sudip Bandyopadhyay'}, {'position': 'Member of the 13th Lok Sabha', 'start_date': '+1999-00-00T00:00:00Z', 'end_date': '+2004-00-00T00:00:00Z', 'replaces': 'Sudip Bandyopadhyay', 'replaced_by': 'Sudhangshu Seal'}, {'position': 'list of members of the 15th Lok Sabha', 'start_date': '+2009-00-00T00:00:00Z', 'end_date': '+2014-00-00T00:00:00Z', 'replaces': '', 'replaced_by': 'Sudip Bandyopadhyay'}, {'position': 'Member of the 16th Lok Sabha', 'start_date': '+2014-05-26T00:00:00Z', 'end_date': '+2019-05-24T00:00:00Z', 'replaces': 'Sudip Bandyopadhyay', 'replaced_by': 'Sudip Bandyopadhyay'}, {'position': 'Member of the 17th Lok Sabha', 'start_date': '+2019-05-30T00:00:00Z', 'end_date': '', 'replaces': 'Sudip Bandyopadhyay', 'replaced_by': ''}]"
जितेंद्र चौधरी,India,,male,,,,,Communist Party of India (Marxist),"A delegation from Tripura led by Shri Jitendra Chaudhury, MP (Lok Sabha), calling on the Union Home Minister, Shri Rajnath Singh, in New Delhi on Thursday, November 24, 2016.jpg",politician,Member of the 16th Lok Sabha,,+1958-06-27T00:00:00Z,[],भारतीय राजनीतिज्ञ,"[{'position': 'Member of the 16th Lok Sabha', 'start_date': '+2014-05-26T00:00:00Z', 'end_date': '+2019-05-24T00:00:00Z', 'replaces': 'Baju Ban Riyan', 'replaced_by': ''}]"
प्रह्लाद जोशी,India,,male,Vijayapura,,,,Bharatiya Janata Party,"The Union Minister for Parliamentary Affairs, Coal and Mines, Shri Pralhad Joshi.jpg",politician,Member of the 14th Lok Sabha,,+1962-11-27T00:00:00Z,[],भारतीय राजनीतिज्ञ,"[{'position': 'Member of the 14th Lok Sabha', 'start_date': '+2009-01-01T00:00:00Z', 'end_date': '', 'replaces': '', 'replaced_by': ''}, {'position': 'list of members of the 15th Lok Sabha', 'start_date': '', 'end_date': '', 'replaces': '', 'replaced_by': ''}, {'position': 'Member of the 16th Lok Sabha', 'start_date': '', 'end_date': '', 'replaces': '', 'replaced_by': ''}, {'position': 'Member of the 17th Lok Sabha', 'start_date': '', 'end_date': '', 'replaces': '', 'replaced_by': ''}, {'position': 'Minister of Parliamentary Affairs', 'start_date': '+2019-05-30T00:00:00Z', 'end_date': '', 'replaces': 'Narendra Singh Tomar', 'replaced_by': ''}, {'position': 'Minister of Coal', 'start_date': '+2019-05-30T00:00:00Z', 'end_date': '', 'replaces': 'Piyush Goyal', 'replaced_by': ''}, {'position': 'Minister of Mines', 'start_date': '+2019-05-30T00:00:00Z', 'end_date': '', 'replaces': 'Narendra Singh Tomar', 'replaced_by': ''}]"
जे॰ जयवर्धन,India,,male,Chennai,,,,All India Anna Dravida Munnetra Kazhagam,,politician,Member of the 16th Lok Sabha,Sri Ramachandra Medical College and Research Institute,+1988-01-01T00:00:00Z,[],भारतीय राजनीतिज्ञ,"[{'position': 'Member of the 16th Lok Sabha', 'start_date': '', 'end_date': '', 'replaces': '', 'replaced_by': ''}]"
सी॰आर॰ चौधरी,India,,male,,,,,Bharatiya Janata Party,"C.R. Chaudhary addressing at the inauguration of the 38th India International Trade Fair (IITF), at Pragati Maidan, in New Delhi.JPG",politician,Member of the 16th Lok Sabha,University of Rajasthan,+1948-03-01T00:00:00Z,[],भारतीय राजनीतिज्ञ,"[{'position': 'Member of the 16th Lok Sabha', 'start_date': '', 'end_date': '', 'replaces': '', 'replaced_by': ''}]"
राजेश चुडासमा,India,,male,Chorvad,,,,Bharatiya Janata Party,Rajesh Chudasama.jpg,politician,Member of the Gujarat Legislative Assembly,,+1982-04-10T00:00:00Z,[],भारतीय राजनीतिज्ञ,"[{'position': 'Member of the Gujarat Legislative Assembly', 'start_date': '', 'end_date': '', 'replaces': '', 'replaced_by': ''}, {'position': 'Member of the 16th Lok Sabha', 'start_date': '', 'end_date': '', 'replaces': '', 'replaced_by': ''}, {'position': 'Member of the 17th Lok Sabha', 'start_date': '', 'end_date': '', 'replaces': '', 'replaced_by': ''}]"
रणजीत सिंह,India,,male,Singapore,,,,Shiromani Akali Dal,,politician,Member of the 16th Lok Sabha,,+1937-11-08T00:00:00Z,[],भारतीय राजनीतिज्ञ,"[{'position': 'Member of the 16th Lok Sabha', 'start_date': '', 'end_date': '', 'replaces': '', 'replaced_by': ''}]"
विजय चक्रवर्ती,India,,female,Jorhat,,,,Bharatiya Janata Party,Bijoya Chakravarty in August 2015.jpg,politician,list of members of the 15th Lok Sabha,Gauhati University,+1939-10-07T00:00:00Z,[],भारतीय नेता,"[{'position': 'list of members of the 15th Lok Sabha', 'start_date': '+2009-01-01T00:00:00Z', 'end_date': '+2014-00-00T00:00:00Z', 'replaces': 'Kirip Chaliha', 'replaced_by': ''}, {'position': 'Member of Rajya Sabha', 'start_date': '+1986-00-00T00:00:00Z', 'end_date': '+1992-00-00T00:00:00Z', 'replaces': '', 'replaced_by': ''}, {'position': 'Member of the 16th Lok Sabha', 'start_date': '+2014-05-01T00:00:00Z', 'end_date': '', 'replaces': '', 'replaced_by': ''}, {'position': 'Member of the 13th Lok Sabha', 'start_date': '', 'end_date': '', 'replaces': '', 'replaced_by': ''}]"
हर्षवर्धन,India,Hinduism,male,Delhi,,,,Bharatiya Janata Party,"Harsh Vardhan briefing the media persons on the showcasing of solar technology-led innovations with the support of Department of Science & Technology, in New Delhi.jpg",surgeon,Member of the Delhi Legislative Assembly,Ganesh Shankar Vidyarthi Memorial Medical College,+1954-12-13T00:00:00Z,[],दिल्ली के राजनेता,"[{'position': 'Member of the Delhi Legislative Assembly', 'start_date': '', 'end_date': '', 'replaces': '', 'replaced_by': ''}, {'position': 'Member of the 16th Lok Sabha', 'start_date': '', 'end_date': '', 'replaces': '', 'replaced_by': ''}, {'position': 'Member of the 17th Lok Sabha', 'start_date': '', 'end_date': '', 'replaces': '', 'replaced_by': ''}, {'position': 'Minister of Science and Technology', 'start_date': '+2014-11-09T00:00:00Z', 'end_date': '+2021-07-07T00:00:00Z', 'replaces': 'Jitendra Singh', 'replaced_by': 'Jitendra Singh'}]"
अंशुल वर्मा,India,,male,Hardoi,,,,Bharatiya Janata Party,,politician,Member of the 16th Lok Sabha,Panjab University,+1974-07-18T00:00:00Z,[],,"[{'position': 'Member of the 16th Lok Sabha', 'start_date': '', 'end_date': '', 'replaces': '', 'replaced_by': ''}]"
सदाशिव लोखंडे,India,,male,Ahmednagar,,,,Shiv Sena,,politician,Member of Maharashtra Legislative Assembly,,+1966-00-00T00:00:00Z,[],भारतीय राजनीतिज्ञ,"[{'position': 'Member of Maharashtra Legislative Assembly', 'start_date': '', 'end_date': '', 'replaces': '', 'replaced_by': ''}, {'position': 'Member of the 16th Lok Sabha', 'start_date': '', 'end_date': '', 'replaces': '', 'replaced_by': ''}, {'position': 'Member of the 17th Lok Sabha', 'start_date': '', 'end_date': '', 'replaces': '', 'replaced_by': ''}]"
बीरेन सिंह एंगती,India,,male,Karbi Anglong district,,,,Indian National Congress,,politician,Member of the 16th Lok Sabha,Gauhati University,+1945-03-02T00:00:00Z,[],भारतीय राजनीतिज्ञ,"[{'position': 'Member of the 16th Lok Sabha', 'start_date': '', 'end_date': '', 'replaces': '', 'replaced_by': ''}, {'position': 'list of members of the 15th Lok Sabha', 'start_date': '', 'end_date': '', 'replaces': '', 'replaced_by': ''}, {'position': 'Member of the 7th Lok Sabha', 'start_date': '', 'end_date': '', 'replaces': '', 'replaced_by': ''}, {'position': 'Member of the 8th Lok Sabha', 'start_date': '', 'end_date': '', 'replaces': '', 'replaced_by': ''}]"
नाटुभाई गोमनभाई पटेल,India,,male,Silvassa,,,,Bharatiya Janata Party,,politician,Member of the 16th Lok Sabha,,+1972-05-04T00:00:00Z,[],भारतीय राजनीतिज्ञ,"[{'position': 'Member of the 16th Lok Sabha', 'start_date': '+2014-05-16T00:00:00Z', 'end_date': '+2019-05-23T00:00:00Z', 'replaces': '', 'replaced_by': ''}, {'position': 'list of members of the 15th Lok Sabha', 'start_date': '+2009-05-22T00:00:00Z', 'end_date': '+2014-05-16T00:00:00Z', 'replaces': '', 'replaced_by': ''}]"
अशोक कुमार के॰,India,,male,,,,,All India Anna Dravida Munnetra Kazhagam,,politician,Member of the 16th Lok Sabha,,+1953-09-27T00:00:00Z,[],भारतीय राजनीतिज्ञ,"[{'position': 'Member of the 16th Lok Sabha', 'start_date': '', 'end_date': '', 'replaces': '', 'replaced_by': ''}]"
के॰सी॰ वेणुगोपाल,India,,male,Kannur,,,,Indian National Congress,K.C. Venugopal.JPG,politician,Member of the Kerala Legislative Assembly,University of Calicut,+1963-02-04T00:00:00Z,[],भारतीय राजनीतिज्ञ,"[{'position': 'Member of the Kerala Legislative Assembly', 'start_date': '', 'end_date': '', 'replaces': '', 'replaced_by': ''}, {'position': 'Member of the 16th Lok Sabha', 'start_date': '', 'end_date': '', 'replaces': '', 'replaced_by': ''}, {'position': 'list of members of the 15th Lok Sabha', 'start_date': '', 'end_date': '', 'replaces': '', 'replaced_by': ''}]"
करिया मुंडा,India,,male,Ranchi district,,,,Bharatiya Janata Party,"The Union Minister of Non Conventional Energy Sources Shri Kariya Munda inspecting an exhibition organised during the first meeting of National Hydrogen Energy Board in New Delhi on February 23, 2004 (cropped).jpg",politician,Deputy Speaker of Lok Sabha,Ranchi University,+1936-04-20T00:00:00Z,[],भारतीय राजनीतिज्ञ,"[{'position': 'Deputy Speaker of Lok Sabha', 'start_date': '', 'end_date': '', 'replaces': '', 'replaced_by': ''}, {'position': 'Member of the 16th Lok Sabha', 'start_date': '', 'end_date': '', 'replaces': '', 'replaced_by': ''}, {'position': 'Member of the 13th Lok Sabha', 'start_date': '', 'end_date': '', 'replaces': '', 'replaced_by': ''}, {'position': 'list of members of the 15th Lok Sabha', 'start_date': '', 'end_date': '', 'replaces': '', 'replaced_by': ''}, {'position': 'Member of the 9th Lok Sabha', 'start_date': '+1989-12-02T00:00:00Z', 'end_date': '+1991-03-13T00:00:00Z', 'replaces': '', 'replaced_by': ''}]"
तारिक़ अनवर,India,Islam,male,Patna,,,,Indian National Congress,"Tariq Anwar addressing the National Conference of State Ministers of Animal Husbandry, Dairy Development and Fisheries, in New Delhi on February 06, 2013.jpg",politician,Member of the 16th Lok Sabha,,+1951-01-16T00:00:00Z,[],भारतीय राजनीतिज्ञ,"[{'position': 'Member of the 16th Lok Sabha', 'start_date': '+2014-05-16T00:00:00Z', 'end_date': '', 'replaces': 'Nikhil Kumar Choudhary', 'replaced_by': ''}, {'position': 'Member of Rajya Sabha', 'start_date': '', 'end_date': '', 'replaces': '', 'replaced_by': ''}, {'position': 'Member of the 7th Lok Sabha', 'start_date': '', 'end_date': '', 'replaces': '', 'replaced_by': ''}, {'position': 'Member of the 8th Lok Sabha', 'start_date': '', 'end_date': '', 'replaces': '', 'replaced_by': ''}]"
Nguyễn Hữu Thuận,Vietnam,,,,,,,,,politician,member of the National Assembly of Vietnam,,,[],,"[{'position': 'member of the National Assembly of Vietnam', 'start_date': '', 'end_date': '', 'replaces': '', 'replaced_by': ''}]"
Lê Diễn,Vietnam,,male,,,,,,,politician,member of the National Assembly of Vietnam,,+1960-01-01T00:00:00Z,[],,"[{'position': 'member of the National Assembly of Vietnam', 'start_date': '', 'end_date': '', 'replaces': '', 'replaced_by': ''}]"
Tô Văn Tám,Vietnam,,,,,,,,,politician,member of the National Assembly of Vietnam,,+1963-01-01T00:00:00Z,[],,"[{'position': 'member of the National Assembly of Vietnam', 'start_date': '', 'end_date': '', 'replaces': '', 'replaced_by': ''}]"
Nguyễn Thị Huệ,Vietnam,,,,,,,,,politician,member of the National Assembly of Vietnam,,+1967-01-01T00:00:00Z,[],,"[{'position': 'member of the National Assembly of Vietnam', 'start_date': '', 'end_date': '', 'replaces': '', 'replaced_by': ''}]"
Trần Đình Sơn,Vietnam,,,Đông Cương,,,,,,politician,member of the National Assembly of Vietnam,,+1958-01-01T00:00:00Z,[],,"[{'position': 'member of the National Assembly of Vietnam', 'start_date': '', 'end_date': '', 'replaces': '', 'replaced_by': ''}]"
Đinh Thế Huynh,Vietnam,,male,Nam Định,,,Khương Trung,Communist Party of Vietnam,Dinh The Huynh 2012.jpg,politician,member of the National Assembly of Vietnam,Moscow State University,+1953-05-15T00:00:00Z,[],Chính trị gia Việt Nam,"[{'position': 'member of the National Assembly of Vietnam', 'start_date': '', 'end_date': '', 'replaces': '', 'replaced_by': ''}]"
Trương Văn Vở,Vietnam,,,,,,,,,politician,member of the National Assembly of Vietnam,,+1958-01-01T00:00:00Z,[],,"[{'position': 'member of the National Assembly of Vietnam', 'start_date': '', 'end_date': '', 'replaces': '', 'replaced_by': ''}]"
Cao Đức Phát,Vietnam,,male,Nam Định,,,Hanoi,Communist Party of Vietnam,Mr. Cao Duc Phat.jpg,scientist,member of the National Assembly of Vietnam,Belarusian State Agricultural Academy,+1959-05-25T00:00:00Z,[],,"[{'position': 'member of the National Assembly of Vietnam', 'start_date': '', 'end_date': '', 'replaces': '', 'replaced_by': ''}, {'position': 'Minister of Agriculture of Vietnam', 'start_date': '+2004-06-01T00:00:00Z', 'end_date': '+2004-11-03T00:00:00Z', 'replaces': '', 'replaced_by': ''}, {'position': 'Minister of Agriculture of Vietnam', 'start_date': '+2004-11-03T00:00:00Z', 'end_date': '+2016-07-27T00:00:00Z', 'replaces': '', 'replaced_by': ''}]"
Nguyễn Thành Bộ,Vietnam,,,,,,,,,politician,member of the National Assembly of Vietnam,,+1956-01-01T00:00:00Z,[],,"[{'position': 'member of the National Assembly of Vietnam', 'start_date': '', 'end_date': '', 'replaces': '', 'replaced_by': ''}]"
Huỳnh Thành Lập,Vietnam,,,Bến Tre,,,Ho Chi Minh City,,,politician,member of the National Assembly of Vietnam,,+1956-05-25T00:00:00Z,[],,"[{'position': 'member of the National Assembly of Vietnam', 'start_date': '', 'end_date': '', 'replaces': '', 'replaced_by': ''}]"
Nguyễn Sáng Vang,Vietnam,,,,,,,,,politician,member of the National Assembly of Vietnam,,+1957-01-01T00:00:00Z,[],,"[{'position': 'member of the National Assembly of Vietnam', 'start_date': '', 'end_date': '', 'replaces': '', 'replaced_by': ''}]"
Nguyễn Thanh Hồng,Vietnam,irreligion,male,Thanh Hóa,,,,,,politician,member of the National Assembly of Vietnam,,+1960-06-08T00:00:00Z,[],,"[{'position': 'member of the National Assembly of Vietnam', 'start_date': '', 'end_date': '', 'replaces': '', 'replaced_by': ''}]"
Nguyễn Hoàng Việt,Vietnam,,,,,,,,,politician,member of the National Assembly of Vietnam,,+1966-01-01T00:00:00Z,[],,"[{'position': 'member of the National Assembly of Vietnam', 'start_date': '', 'end_date': '', 'replaces': '', 'replaced_by': ''}]"
Nguyễn Cao Sơn,Vietnam,,,,,,,,,politician,member of the National Assembly of Vietnam,,+1969-01-01T00:00:00Z,[],,"[{'position': 'member of the National Assembly of Vietnam', 'start_date': '', 'end_date': '', 'replaces': '', 'replaced_by': ''}]"
河村建夫,Japan,,male,Hagi,,,,Liberal Democratic Party,Takeo Kawamura 20121110.jpg,politician,member of the House of Representatives of Japan,Keio University,+1942-11-10T00:00:00Z,[],日本の政治家,"[{'position': 'member of the House of Representatives of Japan', 'start_date': '', 'end_date': '', 'replaces': '', 'replaced_by': ''}, {'position': 'Minister of Education, Culture, Sports, Science and Technology of Japan', 'start_date': '+2003-09-22T00:00:00Z', 'end_date': '+2004-09-27T00:00:00Z', 'replaces': 'Atsuko Tōyama', 'replaced_by': 'Nariaki Nakayama'}, {'position': 'member of the House of Representatives of Japan', 'start_date': '+2017-10-22T00:00:00Z', 'end_date': '', 'replaces': '', 'replaced_by': ''}, {'position': 'member of the Yamaguchi Prefectural Assembly', 'start_date': '', 'end_date': '', 'replaces': '', 'replaced_by': ''}]"
盛山正仁,Japan,,male,Nishinomiya,,,,Liberal Democratic Party,Moriyama masahito.2016.jpg,politician,member of the House of Representatives of Japan,University of Tokyo,+1953-12-14T00:00:00Z,['もりやま まさひと'],日本の政治家、官僚 (1953-),"[{'position': 'member of the House of Representatives of Japan', 'start_date': '', 'end_date': '', 'replaces': '', 'replaced_by': ''}, {'position': 'member of the House of Representatives of Japan', 'start_date': '+2017-10-22T00:00:00Z', 'end_date': '', 'replaces': '', 'replaced_by': ''}, {'position': 'member of the House of Representatives of Japan', 'start_date': '', 'end_date': '', 'replaces': '', 'replaced_by': ''}]"
中川郁子,Japan,,female,Niigata Prefecture,,,,Liberal Democratic Party,Nakagawayuko.jpg,politician,member of the House of Representatives of Japan,University of the Sacred Heart,+1958-12-22T00:00:00Z,[],日本の女性政治家,"[{'position': 'member of the House of Representatives of Japan', 'start_date': '', 'end_date': '', 'replaces': '', 'replaced_by': ''}, {'position': 'member of the House of Representatives of Japan', 'start_date': '+2021-10-31T00:00:00Z', 'end_date': '', 'replaces': '', 'replaced_by': ''}]"
永岡桂子,Japan,,female,Shibuya-ku,,,,Liberal Democratic Party,Keiko Nagaoka 20151102 (cropped).jpg,politician,member of the House of Representatives of Japan,Gakushuin University,+1953-12-08T00:00:00Z,[],日本の女性政治家 (1953-),"[{'position': 'member of the House of Representatives of Japan', 'start_date': '', 'end_date': '', 'replaces': '', 'replaced_by': ''}, {'position': 'member of the House of Representatives of Japan', 'start_date': '+2017-10-22T00:00:00Z', 'end_date': '', 'replaces': '', 'replaced_by': ''}, {'position': 'member of the House of Representatives of Japan', 'start_date': '', 'end_date': '', 'replaces': '', 'replaced_by': ''}, {'position': 'Minister of Education, Culture, Sports, Science and Technology of Japan', 'start_date': '+2022-08-10T00:00:00Z', 'end_date': '+2023-09-13T00:00:00Z', 'replaces': 'Shinsuke Suematsu', 'replaced_by': ''}, {'position': 'Minister in charge of Designing the Future of Education', 'start_date': '+2022-08-10T00:00:00Z', 'end_date': '+2023-09-13T00:00:00Z', 'replaces': '', 'replaced_by': ''}]"
岩屋毅,Japan,,male,Beppu,,,,Liberal Democratic Party,Takeshi Iwaya (cropped).jpg,politician,member of the House of Representatives of Japan,Waseda University,+1957-08-24T00:00:00Z,[],日本の政治家,"[{'position': 'member of the House of Representatives of Japan', 'start_date': '', 'end_date': '', 'replaces': '', 'replaced_by': ''}, {'position': 'member of the House of Representatives of Japan', 'start_date': '+2017-10-22T00:00:00Z', 'end_date': '', 'replaces': '', 'replaced_by': ''}, {'position': 'Minister of Defense of Japan', 'start_date': '+2018-10-02T00:00:00Z', 'end_date': '+2019-09-11T00:00:00Z', 'replaces': 'Itsunori Onodera', 'replaced_by': ''}, {'position': 'member of the Ōita Prefectural Assembly', 'start_date': '', 'end_date': '', 'replaces': '', 'replaced_by': ''}, {'position': 'member of the House of Representatives of Japan', 'start_date': '', 'end_date': '', 'replaces': '', 'replaced_by': ''}]"
浮島とも子,Japan,,female,Shinjuku,,,,Komeito,Ukishima Tomoko (2018).png,politician,member of the House of Councillors,,+1963-02-01T00:00:00Z,['浮島智子'],日本の政治家,"[{'position': 'member of the House of Councillors', 'start_date': '+2004-07-01T00:00:00Z', 'end_date': '+2010-07-01T00:00:00Z', 'replaces': '', 'replaced_by': ''}, {'position': 'member of the House of Representatives of Japan', 'start_date': '', 'end_date': '', 'replaces': '', 'replaced_by': ''}, {'position': 'member of the House of Representatives of Japan', 'start_date': '+2017-10-22T00:00:00Z', 'end_date': '', 'replaces': '', 'replaced_by': ''}, {'position': 'member of the House of Representatives of Japan', 'start_date': '', 'end_date': '', 'replaces': '', 'replaced_by': ''}]"
古川禎久,Japan,,male,Kushima,,,,Liberal Democratic Party,Yoshihisa Furukawa 20211004.jpg,politician,member of the House of Representatives of Japan,University of Tokyo,+1965-08-03T00:00:00Z,[],日本の政治家,"[{'position': 'member of the House of Representatives of Japan', 'start_date': '', 'end_date': '', 'replaces': '', 'replaced_by': ''}, {'position': 'member of the House of Representatives of Japan', 'start_date': '+2017-10-22T00:00:00Z', 'end_date': '', 'replaces': '', 'replaced_by': ''}, {'position': 'Minister of Justice', 'start_date': '+2021-10-04T00:00:00Z', 'end_date': '+2022-08-10T00:00:00Z', 'replaces': '', 'replaced_by': 'Yasuhiro Hanashi'}, {'position': 'member of the House of Representatives of Japan', 'start_date': '', 'end_date': '', 'replaces': '', 'replaced_by': ''}]"
三浦靖,Japan,,male,Ōda,,,,,20211006miura yasushi.jpg,politician,member of the House of Representatives of Japan,Kanagawa University,+1973-04-09T00:00:00Z,[],日本の政治家,"[{'position': 'member of the House of Representatives of Japan', 'start_date': '+2017-10-22T00:00:00Z', 'end_date': '', 'replaces': '', 'replaced_by': ''}, {'position': 'local assemblyperson of Japan', 'start_date': '', 'end_date': '', 'replaces': '', 'replaced_by': ''}, {'position': 'member of the House of Councillors', 'start_date': '', 'end_date': '', 'replaces': '', 'replaced_by': ''}]"
前原誠司,Japan,,male,Kyoto,,,,Democratic Party of Japan,Seiji Maehara 20221209teigen 1 (cropped 2).jpg,politician,Minister for Foreign Affairs,Kyoto University,+1962-04-30T00:00:00Z,[],日本の政治家 (1962-),"[{'position': 'Minister for Foreign Affairs', 'start_date': '+2010-09-17T00:00:00Z', 'end_date': '+2011-03-07T00:00:00Z', 'replaces': 'Katsuya Okada', 'replaced_by': 'Yukio Edano'}, {'position': 'Minister of Land, Infrastructure, Transport and Tourism', 'start_date': '+2009-09-16T00:00:00Z', 'end_date': '+2010-09-17T00:00:00Z', 'replaces': 'Kazuyoshi Kaneko', 'replaced_by': 'Sumio Mabuchi'}, {'position': 'member of the House of Representatives of Japan', 'start_date': '+1993-07-18T00:00:00Z', 'end_date': '+1996-00-00T00:00:00Z', 'replaces': '', 'replaced_by': ''}, {'position': 'Minister of State for Disaster Management', 'start_date': '+2009-09-16T00:00:00Z', 'end_date': '+2010-01-12T00:00:00Z', 'replaces': 'Motoo Hayashi', 'replaced_by': 'Hiroshi Nakai'}, {'position': 'Minister of State for Economic and Fiscal Policy', 'start_date': '+2012-10-01T00:00:00Z', 'end_date': '+2012-12-26T00:00:00Z', 'replaces': 'Motohisa Furukawa', 'replaced_by': 'Akira Amari'}, {'position': 'Minister of State for Science and Technology Policy', 'start_date': '+2012-10-01T00:00:00Z', 'end_date': '+2012-12-26T00:00:00Z', 'replaces': 'Motohisa Furukawa', 'replaced_by': 'Ichita Yamamoto'}, {'position': 'Minister of State for the Nuclear Power Policy and Administration', 'start_date': '+2012-10-01T00:00:00Z', 'end_date': '+2012-12-26T00:00:00Z', 'replaces': 'Goshi Hosono', 'replaced_by': ''}, {'position': 'Minister of State for Space Policy', 'start_date': '+2012-10-01T00:00:00Z', 'end_date': '+2012-12-26T00:00:00Z', 'replaces': 'Motohisa Furukawa', 'replaced_by': 'Ichita Yamamoto'}, {'position': 'member of the Kyōto Prefectural Assembly', 'start_date': '+1991-00-00T00:00:00Z', 'end_date': '+1993-00-00T00:00:00Z', 'replaces': '', 'replaced_by': ''}, {'position': 'member of the House of Representatives of Japan', 'start_date': '+1996-00-00T00:00:00Z', 'end_date': '+2000-00-00T00:00:00Z', 'replaces': '', 'replaced_by': ''}, {'position': 'member of the House of Representatives of Japan', 'start_date': '+2000-00-00T00:00:00Z', 'end_date': '', 'replaces': '', 'replaced_by': ''}]"
佐藤勉,Japan,,male,Mibu,,,,Liberal Democratic Party,Official portrait of Tsutomu Sato 2008.jpg,politician,member of the House of Representatives of Japan,Nihon University,+1952-06-20T00:00:00Z,[],日本の政治家,"[{'position': 'member of the House of Representatives of Japan', 'start_date': '', 'end_date': '', 'replaces': '', 'replaced_by': ''}, {'position': 'Minister of Internal Affairs and Communications', 'start_date': '+2009-06-12T00:00:00Z', 'end_date': '+2009-09-16T00:00:00Z', 'replaces': 'Kunio Hatoyama', 'replaced_by': 'Kazuhiro Haraguchi'}, {'position': 'Minister of State for Decentralization Reform', 'start_date': '+2009-06-12T00:00:00Z', 'end_date': '+2009-09-16T00:00:00Z', 'replaces': 'Kunio Hatoyama', 'replaced_by': 'Yoshitaka Shindō'}, {'position': 'Chairman of the National Public Safety Commission', 'start_date': '+2008-09-24T00:00:00Z', 'end_date': '+2009-07-02T00:00:00Z', 'replaces': 'Motoo Hayashi', 'replaced_by': 'Motoo Hayashi'}, {'position': 'Minister of State for Disaster Management', 'start_date': '+2008-09-24T00:00:00Z', 'end_date': '+2009-07-02T00:00:00Z', 'replaces': 'Motoo Hayashi', 'replaced_by': 'Motoo Hayashi'}, {'position': 'Minister of State for Okinawa and Northern Territories Affairs', 'start_date': '+2008-09-24T00:00:00Z', 'end_date': '+2009-07-02T00:00:00Z', 'replaces': 'Motoo Hayashi', 'replaced_by': 'Motoo Hayashi'}, {'position': 'member of the House of Representatives of Japan', 'start_date': '+2017-10-22T00:00:00Z', 'end_date': '', 'replaces': '', 'replaced_by': ''}, {'position': 'member of the Tochigi Prefectural Assembly', 'start_date': '', 'end_date': '', 'replaces': '', 'replaced_by': ''}, {'position': 'member of the House of Representatives of Japan', 'start_date': '', 'end_date': '', 'replaces': '', 'replaced_by': ''}]"
百武公親,Japan,,male,Saitama Prefecture,,,,,,official,member of the House of Representatives of Japan,Takachiho University,+1962-02-27T00:00:00Z,[],日本の政治家,"[{'position': 'member of the House of Representatives of Japan', 'start_date': '+2017-10-22T00:00:00Z', 'end_date': '', 'replaces': '', 'replaced_by': ''}]"
城内実,Japan,,male,Shinjuku,,,,Liberal Democratic Party,Minoru Kiuchi portrait 2020.jpg,politician,member of the House of Representatives of Japan,University of Tokyo,+1965-04-19T00:00:00Z,[],日本の政治家,"[{'position': 'member of the House of Representatives of Japan', 'start_date': '+2017-10-22T00:00:00Z', 'end_date': '', 'replaces': '', 'replaced_by': ''}, {'position': 'member of the House of Representatives of Japan', 'start_date': '', 'end_date': '', 'replaces': '', 'replaced_by': ''}]"
鷲尾英一郎,Japan,,male,Niigata,,,,Democratic Party of Japan,Washio Eiichirou.jpg,politician,member of the House of Representatives of Japan,University of Tokyo,+1977-01-03T00:00:00Z,['鷺尾英一郎'],日本の政治家,"[{'position': 'member of the House of Representatives of Japan', 'start_date': '', 'end_date': '', 'replaces': '', 'replaced_by': ''}, {'position': 'member of the House of Representatives of Japan', 'start_date': '+2017-10-22T00:00:00Z', 'end_date': '', 'replaces': '', 'replaced_by': ''}, {'position': 'member of the House of Representatives of Japan', 'start_date': '', 'end_date': '', 'replaces': '', 'replaced_by': ''}]"
細野豪志,Japan,,male,Ayabe,,,,Democratic Party of Japan,Goshi Hosono Minshu IMG 5474 20130707.JPG,politician,member of the House of Representatives of Japan,Kyoto University,+1971-08-21T00:00:00Z,[],日本の政治家,"[{'position': 'member of the House of Representatives of Japan', 'start_date': '+2014-12-14T00:00:00Z', 'end_date': '+2017-10-22T00:00:00Z', 'replaces': '', 'replaced_by': ''}, {'position': 'member of the House of Representatives of Japan', 'start_date': '+2017-10-22T00:00:00Z', 'end_date': '', 'replaces': '', 'replaced_by': ''}, {'position': 'Minister of the Environment', 'start_date': '+2011-09-02T00:00:00Z', 'end_date': '+2012-12-26T00:00:00Z', 'replaces': 'Ryu Matsumoto', 'replaced_by': 'Nobuteru Ishihara'}, {'position': 'member of the House of Representatives of Japan', 'start_date': '', 'end_date': '', 'replaces': '', 'replaced_by': ''}]"
井上一徳,Japan,,male,Maizuru,,,,,,bureaucrat,member of the House of Representatives of Japan,Yokohama National University,+1962-07-31T00:00:00Z,[],日本の政治家、官僚,"[{'position': 'member of the House of Representatives of Japan', 'start_date': '+2017-10-22T00:00:00Z', 'end_date': '', 'replaces': '', 'replaced_by': ''}]"
